type,url,votes
top,https://reddit.com/r/funny/comments/agfrng/dedicating_a_book/,109728
top,https://reddit.com/r/gifs/comments/agh2sg/the_homemade_useless_box/,97279
top,https://reddit.com/r/Showerthoughts/comments/agk6o8/the_internet_both_almost_killed_off_the_postal/,91916
top,https://reddit.com/r/aww/comments/agfqvu/my_girl_tried_an_experiment_to_see_if_the_snails/,78111
top,https://reddit.com/r/funny/comments/agk2sa/and_he_suppose_to_guard_our_galaxy/,78806
top,https://reddit.com/r/dankmemes/comments/agl641/truth/,82575
top,https://reddit.com/r/funny/comments/ageb27/this_mom_who_hired_a_5_piece_jazz_band_to_wake_up/,76545
top,https://reddit.com/r/pics/comments/agmhpj/he_was_only_a_cat/,79426
top,https://reddit.com/r/Showerthoughts/comments/agfi69/with_how_many_streaming_services_there_are_it/,70421
top,https://reddit.com/r/wholesomememes/comments/agjxji/this_nba_legend_and_his_wife/,72034
top,https://reddit.com/r/pics/comments/aghsow/my_mom_has_been_through_a_lot_the_past_few_years/,69680
top,https://reddit.com/r/gaming/comments/agme8s/ready_player_2/,81374
top,https://reddit.com/r/pics/comments/aggom4/my_mom_painted_this_and_said_no_one_would_like_it/,67967
top,https://reddit.com/r/aww/comments/agjd59/no_no_no_how_about_i_bitch_slap_you/,68903
top,https://reddit.com/r/dankmemes/comments/agizxq/facebook_sucks/,68591
top,https://reddit.com/r/interestingasfuck/comments/agfyr0/hawk_drops_prey_midflight_and_manages_to_loop/,66316
top,https://reddit.com/r/mildlyinteresting/comments/agkj9u/shadow_cast_by_my_lamp_looks_like_a_happy_spider/,63604
top,https://reddit.com/r/aww/comments/agef1q/today_my_wife_and_i_adopted_an_old_man_who_didnt/,57731
top,https://reddit.com/r/todayilearned/comments/aggyl2/til_that_homework_was_considered_hugely/,57452
top,https://reddit.com/r/aww/comments/agm50p/feeding_baby_manatees/,63501
top,https://reddit.com/r/BlackPeopleTwitter/comments/agkdih/samson_who/,53840
top,https://reddit.com/r/worldnews/comments/agkylv/russia_says_ukraine_may_no_longer_be_a_country/,54116
top,https://reddit.com/r/PewdiepieSubmissions/comments/agjtol/this_changes_everything/,52078
top,https://reddit.com/r/politics/comments/agkj3t/tmobile_announced_a_merger_needing_trump/,50482
top,https://reddit.com/r/gaming/comments/aghxxb/bloodbornedark_souls_by_stu_dts/,50004
top,https://reddit.com/r/gifs/comments/aglcxx/wrapping_hay_bales/,55210
top,https://reddit.com/r/politics/comments/agfkhu/credit_where_its_due_democratic_leaders_have_not/,47341
top,https://reddit.com/r/mildlyinteresting/comments/agfnl8/this_happy_fish_photobombing_me/,47456
top,https://reddit.com/r/pics/comments/aglorq/robert_downey_jr_tweeted_this_at_chris_evans_id/,48619
top,https://reddit.com/r/Wellthatsucks/comments/agfure/just_yanking_the_chain/,45878
top,https://reddit.com/r/movies/comments/age8z7/m_night_shyamalan_personally_financed_the_entire/,44834
top,https://reddit.com/r/funny/comments/agi8mu/goofy_doing_chores_for_his_wife/,45264
top,https://reddit.com/r/WhitePeopleTwitter/comments/agky2h/bald_eagles_true_meaning/,48662
top,https://reddit.com/r/PewdiepieSubmissions/comments/agkl05/that_would_be_epic/,46815
top,https://reddit.com/r/mildlyinteresting/comments/agggew/nugget_of_copper_found_in_a_stream_in_michigan/,44168
top,https://reddit.com/r/todayilearned/comments/agkrrf/til_chad_stahelski_the_director_of_the_john_wick/,43875
top,https://reddit.com/r/worldnews/comments/aghmvw/the_15_hottest_places_in_the_world_yesterday_were/,41608
top,https://reddit.com/r/aww/comments/age9n4/the_same_location_several_decades_later/,38962
top,https://reddit.com/r/interestingasfuck/comments/agimod/this_contest/,39286
top,https://reddit.com/r/news/comments/agjgzj/google_to_remove_apps_that_require_call_log_sms/,39166
top,https://reddit.com/r/interestingasfuck/comments/agl0vy/a_woodpeckers_tongue_is_so_long_that_it_wraps/,43612
top,https://reddit.com/r/PewdiepieSubmissions/comments/aggl8q/this_community_is_known_to_help_others_lets_help/,38163
top,https://reddit.com/r/AskReddit/comments/aggmz4/whats_something_youre_worried_people_will_notice/,37809
top,https://reddit.com/r/Unexpected/comments/agep02/u_think_im_that_stupid/,36723
top,https://reddit.com/r/PrequelMemes/comments/agkdmm/ok_windu_ok/,37613
top,https://reddit.com/r/nottheonion/comments/aggwi1/cnn_legal_analyst_areva_martin_accuses_david_webb/,36828
top,https://reddit.com/r/BlackPeopleTwitter/comments/aghea7/every_time/,35935
top,https://reddit.com/r/me_irl/comments/agk26k/me_irl/,36159
top,https://reddit.com/r/PoliticalHumor/comments/agloc5/this_is_true/,39255
top,https://reddit.com/r/trashy/comments/agllnu/thus_us_just_being_a_straight_up_asshole/,40736
top,https://reddit.com/r/aww/comments/agfsr7/bouncy_bison/,34933
top,https://reddit.com/r/quityourbullshit/comments/agghto/young_people_dont_understand_books/,34565
top,https://reddit.com/r/funny/comments/agj4z0/the_perfect_chadtopia/,35282
top,https://reddit.com/r/Tinder/comments/agfkk0/very_cost_efficient/,34397
top,https://reddit.com/r/AdviceAnimals/comments/aggcza/im_not_sure_why_this_argument_isnt_getting_across/,33811
top,https://reddit.com/r/teenagers/comments/agkvy8/thanks_for_coming_to_my_ted_talk/,37508
top,https://reddit.com/r/worldnews/comments/agmpvu/antivax_movement_listed_by_world_health/,49333
top,https://reddit.com/r/HumansBeingBros/comments/agesn8/david_brohl/,33595
top,https://reddit.com/r/thanosdidnothingwrong/comments/agk8nw/am_i_a_joke_to_you/,35534
top,https://reddit.com/r/politics/comments/agmbk4/nancy_pelosi_uninvites_trump_from_the_state_of/,36292
top,https://reddit.com/r/DunderMifflin/comments/agkbnc/dwight_and_pams_friendship_is_the_best/,35297
top,https://reddit.com/r/greentext/comments/agktpd/anon_is_mongolian/,34744
top,https://reddit.com/r/dankmemes/comments/agf2s7/i_spent_too_much_time_on_this/,31750
top,https://reddit.com/r/science/comments/age9zx/immediate_fossil_fuel_phaseout_could_arrest/,31692
top,https://reddit.com/r/dankmemes/comments/aggkf7/the_ultimate_sacrifice/,31554
top,https://reddit.com/r/PrequelMemes/comments/agfjcg/despite_being_treated_unfairly_swt_will_make/,31372
top,https://reddit.com/r/starterpacks/comments/agfkpl/you_starterpack_guaranteed_100_accuracy/,31150
top,https://reddit.com/r/dankmemes/comments/agkgl6/like_this_isnt_even_my_final_form/,33231
top,https://reddit.com/r/WhitePeopleTwitter/comments/aghafa/lets_make_this_happen/,30281
top,https://reddit.com/r/BikiniBottomTwitter/comments/aggn73/every_school_assembly_growing_up/,29869
top,https://reddit.com/r/2meirl4meirl/comments/agkcb4/2meirl4meirl/,31983
top,https://reddit.com/r/ChoosingBeggars/comments/aghqq8/honestly_she_has_paris_hilton_feet_so_she_couldnt/,30112
top,https://reddit.com/r/HistoryMemes/comments/agjrb8/when_mods_ban_ww2_memes_but_stalin_died_in_1953/,31109
top,https://reddit.com/r/aww/comments/agfxlq/he_holds_my_finger_when_he_eats/,29504
top,https://reddit.com/r/antiMLM/comments/aglhvy/any_military_spouses_page/,32159
top,https://reddit.com/r/MurderedByWords/comments/agjk47/murdered_by_technology/,29414
top,https://reddit.com/r/science/comments/agkrph/new_study_examines_a_model_of_how_anger_is/,30936
top,https://reddit.com/r/funny/comments/agi543/finding_out_your_boss_is_literally_a_boss/,28549
top,https://reddit.com/r/sports/comments/ages1b/tcu_basketball_surprises_a_walkon_player_with_a/,27404
top,https://reddit.com/r/NatureIsFuckingLit/comments/agg18b/the_armadillo_girdled_lizard_is_seriously_amazing/,27388
top,https://reddit.com/r/instant_regret/comments/aglyls/let_me_take_a_photo/,30935
top,https://reddit.com/r/hmmm/comments/agjh3l/hmmm/,28543
top,https://reddit.com/r/Jokes/comments/agjoyt/my_boyfriend_keeps_talking_about_overthrowing/,28848
top,https://reddit.com/r/pcmasterrace/comments/aggv57/after_like_the_4th_update_tonight/,26918
top,https://reddit.com/r/freefolk/comments/agkwfn/best_character_development_in_the_entire_series/,27923
top,https://reddit.com/r/BeAmazed/comments/agg52d/hawk_drops_prey_midflight_and_manages_to_loop/,26139
top,https://reddit.com/r/Wellthatsucks/comments/agmnpu/it_sucks_for_all_who_are_involved/,29412
top,https://reddit.com/r/funny/comments/agf77a/he_suddenly_realised_he_was_wrong_in_the_argument/,25707
top,https://reddit.com/r/LifeProTips/comments/agkf9v/lpt_as_soon_as_you_wake_up_do_a_simple_or_small/,28014
top,https://reddit.com/r/videos/comments/agjwy3/the_best_way_to_smuggle_liquor_on_a_cruise_ship/,28058
top,https://reddit.com/r/politics/comments/agn16w/pence_declares_isis_has_been_defeated_on_the_same/,32724
top,https://reddit.com/r/StarWars/comments/agfv8q/we_need_to_get_disney_to_take_away_the_star_wars/,25114
top,https://reddit.com/r/funny/comments/aggklb/wife_you_only_get_one_closet_for_your_tools/,25086
top,https://reddit.com/r/OldSchoolCool/comments/agetfk/my_mom_in_1968/,24611
top,https://reddit.com/r/therewasanattempt/comments/agmgq8/to_help_the_deaf/,32620
top,https://reddit.com/r/2meirl4meirl/comments/aghiuf/2meirl4meirl/,24542
top,https://reddit.com/r/CrappyDesign/comments/agg1x7/i_usually_go_to_sleep_around_medium_low/,24384
top,https://reddit.com/r/gaming/comments/aggcfe/the_real_reason_to_get_vr/,24215
top,https://reddit.com/r/HumansBeingBros/comments/agj7mb/seattle_artist_donates_henna_crowns_to_cancer/,24376
top,https://reddit.com/r/comics/comments/agku56/hi/,25883
controversial,https://reddit.com/r/politics/comments/agfshg/reggie_bush_says_clemsons_fast_food_spread_from/,2
controversial,https://reddit.com/r/politics/comments/agjaq4/fox_news_most_voters_back_alexandra_ocasiocortez/,7
controversial,https://reddit.com/r/me_irl/comments/agklhp/meirl/,72
controversial,https://reddit.com/r/wow/comments/ageady/wow_servers_are_worse_that_in_2008/,1
controversial,https://reddit.com/r/Fallout/comments/agkisi/is_it_normal_that_everytime_i_want_to_play/,0
controversial,https://reddit.com/r/DesignPorn/comments/agf2td/definitely_obscene/,3
controversial,https://reddit.com/r/PS4/comments/agkqcz/assassins_creed_odyssey_now_forces_you_to_see_an/,23
controversial,https://reddit.com/r/mildlyinteresting/comments/agfgtc/the_trump_plunger/,0
controversial,https://reddit.com/r/blackmagicfuckery/comments/agg4mw/color_changing_soda_can/,23
controversial,https://reddit.com/r/AskReddit/comments/agl6v1/trump_supporters_of_reddit_what_is_something_good/,11
controversial,https://reddit.com/r/3Dprinting/comments/agmzlg/made_a_qr_code_coaster_for_when_i_have_guest_and/,169
controversial,https://reddit.com/r/funny/comments/agl3g1/thats_fricked_up/,0
controversial,https://reddit.com/r/politics/comments/agewep/new_york_sen_kirsten_gillibrand_announces_2020/,6
controversial,https://reddit.com/r/hoggit/comments/agka66/hoggit_unpopular_opinion/,1
controversial,https://reddit.com/r/mealtimevideos/comments/agjjv0/ben_shapiro_is_bad_at_debate_and_so_is_charisma/,0
controversial,https://reddit.com/r/FortCollins/comments/agh7uc/wtf_do_we_any_individual_do_about_donald_trump/,0
controversial,https://reddit.com/r/MapPorn/comments/agkpqo/japan_stretches_from_lisbon_amsterdam_europe_is/,0
controversial,https://reddit.com/r/EliteDangerous/comments/agidp9/nearly_900_distant_world_2_explorers_have_been/,0
controversial,https://reddit.com/r/IdleHeroes/comments/agjxa0/lunar_new_year_events_leaked/,7
controversial,https://reddit.com/r/europe/comments/agffa8/britain_is_annoying_and_should_get_out/,0
controversial,https://reddit.com/r/aww/comments/aghq68/i_think_he_missed/,0
controversial,https://reddit.com/r/politics/comments/agggkl/kirsten_gillibrand_enters_2020_presidential_race/,0
controversial,https://reddit.com/r/duckduckgo/comments/aglkqq/evidence_of_political_bias_on_google/,0
controversial,https://reddit.com/r/2007scape/comments/aghc10/1900_total_500m_bank_ironman_hacked_email_changed/,15
controversial,https://reddit.com/r/conspiracy/comments/agkib2/this_right_here_is_why_i_know_this_shutdown_is/,0
controversial,https://reddit.com/r/Artifact/comments/agm53q/reducing_timers_so_drastically_is_a_fundamental/,0
controversial,https://reddit.com/r/unpopularopinion/comments/agl45b/if_you_got_triggered_by_the_gillette_commercial/,0
controversial,https://reddit.com/r/Gillette/comments/agek3c/i_see_nothing_wrong_with_the_gillette_commercial/,0
controversial,https://reddit.com/r/videos/comments/aglcfz/baby_goth_how_to_become_an_industry_plant/,6
controversial,https://reddit.com/r/AFL/comments/agismd/unpopular_opinion_but_shouldnt_all_aflw_news_be/,62
controversial,https://reddit.com/r/Rainbow6/comments/agdvw4/people_whining_about_cav_nerf_need_to_shut_up/,8
controversial,https://reddit.com/r/ABDL/comments/agi5mm/hey_again_it_me_3/,0
controversial,https://reddit.com/r/PublicFreakout/comments/age06d/dont_know_if_this_had_already_been_posted_here_if/,0
controversial,https://reddit.com/r/DNCleaks/comments/agfz2y/trump_just_went_on_comey_and_other_deep_state/,0
controversial,https://reddit.com/r/BigBoobsWithFriends/comments/agh41z/three_legends_reunited/,15
controversial,https://reddit.com/r/ffxiv/comments/agn0ed/not_a_bluemage_post/,0
controversial,https://reddit.com/r/PublicFreakout/comments/agi3zg/3_racist_white_guys_start_trouble_and_get_beat/,0
controversial,https://reddit.com/r/politics/comments/aggqfl/pelosi_shuts_outspoken_critic_out_of_judiciary/,0
controversial,https://reddit.com/r/videos/comments/agj03o/coyote_has_stucked_but_humanity_still_exists_a/,6
controversial,https://reddit.com/r/gifs/comments/aggfun/just_look_at_these_noodles/,0
controversial,https://reddit.com/r/funny/comments/agp1i0/has_anyone_seen_this_yet/,0
controversial,https://reddit.com/r/Artifact/comments/age2jj/didnt_he_make_some_dramatized_im_quitting_post/,4
controversial,https://reddit.com/r/unpopularopinion/comments/agmwx5/feminism_is_not_about_equality_its_a_big_female/,0
controversial,https://reddit.com/r/dankchristianmemes/comments/agegxt/amen/,4
controversial,https://reddit.com/r/MovieDetails/comments/agn30b/django_unchained_the_main_antagonist_is_called/,0
controversial,https://reddit.com/r/smashbros/comments/aggz23/ridley_is_too_big/,29
controversial,https://reddit.com/r/changemyview/comments/agj6qp/cmv_the_way_the_media_handles_toxic_masculinity/,0
controversial,https://reddit.com/r/detroitlions/comments/aggi5y/we_are_making_great_progress/,3
controversial,https://reddit.com/r/aww/comments/aglsis/baby_scorpions_on_mama_scorpion/,0
controversial,https://reddit.com/r/nba/comments/agiaif/the_numbers_point_to_the_lakers_not_making_the/,1
controversial,https://reddit.com/r/cars/comments/aghlin/toyota_supra_concept_2009_own_work/,0
controversial,https://reddit.com/r/memes/comments/agipvq/only_people_who_sort_by_new_can_post_this/,0
controversial,https://reddit.com/r/canada/comments/agkesn/barbara_kay_dont_ever_question_mass_immigration/,106
controversial,https://reddit.com/r/undelete/comments/agldum/rnews_mods_altright_i_was_banned_for_talking/,7
controversial,https://reddit.com/r/mildlyinfuriating/comments/agk8v3/i_lost_a_loved_one_today_im_not_sure_which_one/,0
controversial,https://reddit.com/r/4PanelCringe/comments/aggrff/the_fact_that_this_was_made_unironically/,0
controversial,https://reddit.com/r/starterpacks/comments/aggebw/toxic_masculinity_starter_pack/,0
controversial,https://reddit.com/r/hittableFaces/comments/age7ad/this_face/,38
controversial,https://reddit.com/r/AdviceAnimals/comments/agkbuu/we_just_moved_in_had_no_idea_she_lived_there/,76
controversial,https://reddit.com/r/gifs/comments/aglyx4/can_i_find_some_food_here_wait/,0
controversial,https://reddit.com/r/news/comments/agfu5x/driveby_shooting_that_hit_the_outside_of_a_mosque/,0
controversial,https://reddit.com/r/unpopularopinion/comments/agkxav/a_hairy_vagina_is_better_than_a_shaven_one/,2
controversial,https://reddit.com/r/netflixwitcher/comments/agkl1f/the_witcher/,0
controversial,https://reddit.com/r/newzealand/comments/agh303/asian_people_in_nz/,1
controversial,https://reddit.com/r/elderscrollsonline/comments/age6g7/just_wanna_say_hah_once_more_but_to_all_of_those/,0
controversial,https://reddit.com/r/blackmagicfuckery/comments/agj4d8/just_breaking_a_nokia_phone/,0
controversial,https://reddit.com/r/politics/comments/agnv26/kirsten_gillibrand_rejecting_pacs_but_backed_by/,0
controversial,https://reddit.com/r/StarWars/comments/agko3n/a_prequel_fans_tlj_thoughts/,10
controversial,https://reddit.com/r/canada/comments/aglhdi/canadas_emissions_to_gdp_are_remarkably_low_why/,0
controversial,https://reddit.com/r/battlestations/comments/agl8ok/i_tried_my_best/,3
controversial,https://reddit.com/r/politics/comments/agelsc/gov_desantis_warns_airbnb_to_reverse_its_west/,0
controversial,https://reddit.com/r/interestingasfuck/comments/agjtv9/its_interesting_how_fucked_up_the_school_shooting/,0
controversial,https://reddit.com/r/conspiracy/comments/agnwfe/if_you_see_an_msm_article_posted_to_this_sub_with/,0
controversial,https://reddit.com/r/funny/comments/aglazj/feek_old_yet_oc/,0
controversial,https://reddit.com/r/PS4/comments/agj9tj/my_opinion_on_spiderman_after_going_through_a/,0
controversial,https://reddit.com/r/leagueoflegends/comments/agj5ml/feels_a_bit_meh_with_the_pro_season_starting_with/,0
controversial,https://reddit.com/r/linuxmasterrace/comments/agir2p/for_all_kali_linux_gods_and_goddesses_out_there/,0
controversial,https://reddit.com/r/NovaScotia/comments/aggrp6/news_957s_twitter_has_been_hacked/,0
controversial,https://reddit.com/r/politics/comments/ageqj3/kirsten_gillibrand_announces_presidential/,0
controversial,https://reddit.com/r/politics/comments/agfxul/kirsten_gillibrand_announces_a_2020_presidential/,0
controversial,https://reddit.com/r/politics/comments/aggco7/ohio_is_now_a_red_state_can_democrats_ever_take/,0
controversial,https://reddit.com/r/menwritingwomen/comments/aggv1i/question_about_writing_a_mother/,0
controversial,https://reddit.com/r/funny/comments/agl820/so_i_found_this_on_google_maps/,18
controversial,https://reddit.com/r/ffxiv/comments/agmkb8/i_think_im_missing_something_big_regarding_blu/,0
controversial,https://reddit.com/r/Libertarian/comments/agly1j/open_borders_are_an_assault_on_private_property/,0
controversial,https://reddit.com/r/conspiracy/comments/agjb54/vaccines_can_cause_autism_and_why_this_sticky_is/,0
controversial,https://reddit.com/r/pokemongo/comments/agiw0x/petition_to_rename_the_hoenn_event_to_wurmple/,0
controversial,https://reddit.com/r/dbrand/comments/agf9tr/just_found_a_great_way_to_remove_bumps_and/,0
controversial,https://reddit.com/r/MarvelStrikeForce/comments/agfqq7/oops_they_did_it_again/,4
controversial,https://reddit.com/r/memes/comments/agewd6/is_this_still_relevant/,0
controversial,https://reddit.com/r/fo76/comments/agnv77/how_to_cure_all_disease_cures_by_just_drinking/,0
controversial,https://reddit.com/r/NintendoSwitch/comments/agmysv/unpopular_opinion_as_a_jrpg_fan_tales_of_vesperia/,0
controversial,https://reddit.com/r/DragaliaLost/comments/aglmaa/tip_if_you_cant_play_host_a_expert_room_and_be/,0
controversial,https://reddit.com/r/FortNiteBR/comments/agf44h/what_do_yall_think_of_the_new_skin/,0
controversial,https://reddit.com/r/MurderedByWords/comments/agesl2/meta_edition/,0
controversial,https://reddit.com/r/90dayfianceuncensored/comments/ageto3/caitlyn_jenner_is_that_you_on_the_left/,8
controversial,https://reddit.com/r/FortNiteBR/comments/agf43b/all_battle_pass_skins_updated/,1
controversial,https://reddit.com/r/Artifact/comments/agnnwo/valve_silence_on_the_game_is_a_joke/,54
controversial,https://reddit.com/r/videos/comments/aged5v/i_spent_the_last_year_and_a_half_traveling_around/,41
controversial,https://reddit.com/r/wholesomememes/comments/agng3z/saw_this_right_after/,5
